modelId,Prompt50,Response50,totalTokens,totalCost
marcus,run,,2100,0
timothee,"Read OBJECTIVES.md, convert.py, /src/example-input.jsonl, and /src/example-output.csv. Draft or correct the code to meet the objectives. Ask for info if needed."," Understood. Let's review the task:

OBJECTIVES:
1. Convert example JSON-Line files to CSV, assuming schema will be the same across all instances (example-input.jsonl).
2. Ignore entries that are missing any key-value pair.
3. Utilize the provided JSON schema (refer to /src/schema.json) to identify the schema of the JSON-Line input.
4",1631,0
timothee,"Read OBJECTIVES.md, convert.py, /src/example-input.jsonl, and /src/example-output.csv. Draft or correct the code to meet the objectives. Ask for info if needed."," To address the objectives listed in the OBJECTIVES.md file, here are the improvements and corrections in the existing code:

1. Import the required libraries and modules:
   ```python
   import json
   import csv
   ```

2. Read the JSONL input file and load its contents:
   ```python
   def load_jsonl(file_path):
       with open(file_path, 'r') as file",612,0
gemini-2.5-flash-lite,"Read OBJECTIVES.md, convert.py, /src/example-input.jsonl, and /src/example-output.csv. Fix the formatting logic to match the objectives. Ask for info if needed.",,4947,0.0014022
timothee,"Read OBJECTIVES.md, convert.py, /src/example-input.jsonl, and /src/example-output.csv. Draft or correct the code to meet the objectives. Ask for info if needed."," To meet the objectives outlined in OBJECTIVES.md, I have crafted a series of queries that convert JSONL input data into a structured CSV output file. The conversion module, named `convert.py`, utilizes the `jsonl` and `csv` libraries to handle input/output operations and the `datetime` library to manage date-time conversions. The main",318,0
Gemini-flash-latest,Review OBJECTIVES.md and the current convert.py. Architect a fix for the current failure. Ask for info if needed.,,2355,0.0014083
timothee,"I am Marcus, the Orchestrator. We need to fix  to meet the requirements in . 
1. Read .
2. Read  and .
3. Rewrite  to:
   - Extract chronological pairs of User prompt and Assistant response.
   - For each pair, create a CSV row with:
     - : The model ID active"," Alright, I'm going to process the given instructions and perform the necessary tasks.

Here's my approach:

1. I'll read the JSONL file, `FINALIZED-your-assistant-11654-8039f8bc0aee.json`.
2. I'll also read the CSV file, `Requirements-latest.csv`.
3. I'm then going to rewrite the JSONL content to extract the required information as described. After that, the",516,0
timothee,"Read OBJECTIVES.md, convert.py, src/example-input.jsonl, and src/example-output.csv. Rewrite convert.py to extract the required columns (modelId, Prompt50, Response50, totalTokens, totalCost) into test-output.csv. Ensure Response50 excludes thinking blocks. Match the format of src/example-output.csv. DO NOT overwrite src/example-output.csv."," Understood. I see that you want to convert data from a JSONL format to a CSV format, focusing on certain columns.

The Python script 'convert.py' currently reads input from 'src/example-input.jsonl' and converts it to a CSV format, saving the output to 'src/example-output.csv'. We need to modify this script such that",792,0
timothee,"I am Marcus, the Orchestrator. Here is the context.
OBJECTIVES:
- Input: src/example-input.jsonl
- Reference Output: src/example-output.csv
- Generate: test-output.csv
- Columns: modelId, Prompt50, Response50, totalTokens, totalCost
- Response50: First 50 words of assistant message, excluding thinking blocks.
- Chronological order.
- DO NOT overwrite src/example-output.csv.

Example Input Content:
{""type"":""session"",""version"":3,""id"":""6c5c4c9a-2b9e-4312-a6b5-80c7540f9de1"",""timestamp"":""2026-03-25T06:13:56.658Z"",""cwd"":""/home/jd""}",,0,0
timothee,"Please read OBJECTIVES.md, src/example-input.jsonl and src/example-output.csv. Then rewrite convert.py to extract the required columns (modelId, Prompt50, Response50, totalTokens, totalCost) into test-output.csv. Ensure Response50 excludes thinking blocks. Match the format of src/example-output.csv. DO NOT overwrite src/example-output.csv."," ```python

import json
import csv

# Function to parse the JSON file and return a list of dictionaries

def parse_jsonl(file_path):
    data = []
    with open(file_path, 'r') as file:
        for line in file:
            data.append(json.loads(line))
    return data

# Function to convert the data into the required format

def convert_data(data):
    converted_data = []",663,0
gemini-2.5-flash-lite,"I am Marcus, the Orchestrator. We need to fix . 
Please read , , and .
The input JSONL is a stream of events like 'model_change' and 'message'. 
Track the active 'modelId' from 'model_change' events. 
Pair each 'user' message with its subsequent 'assistant' message.
For each pair:
- modelId: The",,6627,0.0020247
timothee,"Read OBJECTIVES.md, convert.py, /src/example-input.jsonl, and /src/example-output.csv. Draft or correct the code to meet the objectives. Ask for info if needed."," The given OBJECTIVES.md file and the code in convert.py aim to process a JSONL input file and convert it into a CSV output file. The example inputs and expected outputs provided should help clarify the intended functionality.

Upon reviewing the code and the objectives, I noticed that the code is",712,0
timothee,"The previous attempt to run convert.py failed because the input file /src/example-input.jsonl and the reference output file /src/example-output.csv could not be found. The current convert.py script is also incorrect for the task. 

Here is the content of OBJECTIVES.md:

/home/jd/pi_projects/pca_history2csv/r800_history4hitl/src/example-input.jsonl/home/jd/pi_projects/pca_history2csv/r800_history4hitl/src/example-output.csvconvert.pytest-output.csvmodelIdPrompt50Response50{type:thinking}totalTokenstotalCostcost: {total: ...}bashcurrent-test-output.csvexample-output.csvconvert.pyexample-output.csv

Here is the content of the current convert.py:



Please"," I've revised the `convert.py` code based on the provided objectives and the original prompt.

Here are the changes:

1. The code now processes an event stream (`model_change`, `message`).
2. It tracks pairs of user and assistant messages.
3. It extracts `prompt` (the first 50 words of the user message) and",1402,0
gemini-2.5-flash-lite,"I am Marcus, the Orchestrator. We need to fix convert.py. 
Please read OBJECTIVES.md, src/example-input.jsonl, and src/example-output.csv.
The input JSONL is a stream of events like model_change and message. 
Track the active modelId from model_change events. 
Pair each user message with its subsequent assistant message.
For each pair:
- modelId: The",,8327,0.0026978
timothee,"Read OBJECTIVES.md, convert.py, src/example-input.jsonl, and src/example-output.csv. The input JSONL is a stream of events like model_change and message. Track the active modelId from model_change events. Pair each user message with its subsequent assistant message. For each pair: - modelId: The model active at that time (matched against model_change or in"," Sure, I can help you with that. Here's how the Python script `convert.py` might look like based on your requirements.

```python
import json
import csv
from collections import defaultdict

# Read the input JSONL file
with open('src/example-input.jsonl', 'r') as f:
    json_list = list(f)

# Initialize a dictionary to store the",865,0
timothee,"<file name=""/home/jd/pi_projects/pca_history2csv/r800_history4hitl/OBJECTIVES.md"">
# Project Objectives: JSONL to CSV Conversion

## Source Files
- **Input:** `/home/jd/pi_projects/pca_history2csv/r800_history4hitl/src/example-input.jsonl`
- **Reference Output (DO NOT OVERWRITE):** `/home/jd/pi_projects/pca_history2csv/r800_history4hitl/src/example-output.csv`

## Requirements
- **Output File:** `convert.py` must generate a **NEW** file named `test-output.csv` with rows in chronological order.
- **Column Extraction:**
    1. `modelId`: Extracted from JSON event lines",,0,0
timothee,"Hello, are you there?",  Hello! I'm an assistant designed to help answer questions and assist with various tasks. I'm currently here and ready to assist you. How can I help you today?,48,0
timothee,Read OBJECTIVES.md and then use the write tool to create dummy.txt with its contents.," Sure, I can guide you through that. Here's a basic step-by-step guide:

1. Open your terminal or command prompt.
2. Navigate to the directory where your OBJECTIVES.md file is located. You can use the `cd` command to change directories. For example, if your file is in the Documents directory, you",279,0
timothee,"I am Marcus. Use the read tool to read the current convert.py. Then use the write tool to rewrite convert.py to match the objectives. Extract modelId, Prompt50, Response50, totalTokens, totalCost. Response50: First 50 words, NO thinking blocks. Chronological order. Output to test-output.csv. DO NOT overwrite src/example-output.csv. Look at src/example-output.csv to"," Sure, I can help with that. Here's a plan:

1. I'll use the read tool to read the current `convert.py`.
2. I'll extract the necessary details including `modelId`, `Prompt50`, first 50 words of `Response50`, `totalTokens`, and `totalCost`.
3. Finally, I'll write the extracted details to a new CSV file named",299,0
gemini-2.5-flash-lite,Use the write tool to create a file called test.txt with the word hello in it.,,2028,0.0002424
gemini-2.5-flash-lite,"Read convert.py and then use the write tool to rewrite it with a single line: print(""hello world"")",,2102,0.0002708
gemini-2.5-flash-lite,"I am Marcus, the Orchestrator. We need to fix convert.py. 
Please follow these steps:
1. Use the read tool to read OBJECTIVES.md.
2. Use the read tool to read src/example-input.jsonl and src/example-output.csv.
3. Use the write tool to rewrite convert.py to:
   - Extract chronological pairs of User prompt and Assistant",,3744,0.0008631
gemini-2.5-flash-lite,"I am Marcus. The current convert.py is close but needs these fixes to match src/example-output.csv exactly:
1. modelId mapping:
   - gemini-flash-latest -> Gemini-flash-latest
   - gemini-flash-lite-latest -> Gemini-flash-latest
   - gemini-3.1-pro-preview -> gemini-3.1-pro-preview (keep lowercase)
2. Word splitting for Prompt50 and Response50:
   - Match the reference exactly. Row 3 Response50 in the",,2519,0.0003692
gemini-2.5-flash-lite,"I am Marcus. The output test-output.csv has CRLF line endings, but src/example-output.csv has LF line endings. Please update convert.py to ensure it always uses LF line endings (\n) when writing the CSV file. Use the write tool.",,2264,0.000368
gemini-2.5-flash-lite,"I am Marcus. The CSV file is being written with CRLF line endings. Please update convert.py to use `lineterminator=""\n""` in the `csv.DictWriter` call to ensure LF line endings. Also use `newline=""""` in the `open()` call as per the standard recommendations for the `csv` module.",,2105,0.0002582
Gemini-flash-latest,"I am Marcus. We have a working convert.py. Please review its logic to ensure it perfectly matches the requirements in OBJECTIVES.md. 
Specifically, check the word splitting, thinking block exclusion, model mapping, and cost rounding.
Requirement highlights:
- Extract modelId, Prompt50, Response50, totalTokens, totalCost.
- Response50 MUST ignore thinking blocks.
-",,2425,0.0014711
timothee,"Read OBJECTIVES.md, convert.py, src/example-input.jsonl, and src/example-output.csv. Verify if convert.py perfectly matches the objectives. Pay special attention to word splitting (preserving spacing, 50 word limit, punctuation stripping), thinking block exclusion, model mapping, and cost rounding. Ensure the output is exactly named test-output.csv. If any issues are found, fix them. If it"," Convert.py and the provided documentation (OBJECTIVES.md) adhere to the given requirements. When conducted, convert.py successfully imports JSONL information from the example-input.jsonl file and produces a resulting CSV file, test-output.csv, that fully matches the stated objectives.

1. Reading OBJECTIVES.md: The document provided instructions on the required formatting and filtering while parsing",531,0
gemini-2.5-flash-lite,"Read OBJECTIVES.md, convert.py, src/example-input.jsonl, and src/example-output.csv. Verify if convert.py perfectly matches the objectives. Pay special attention to word splitting (preserving spacing, 50 word limit, punctuation stripping from the 50th word), thinking block exclusion (Response50), model mapping, and cost rounding. Ensure the output is exactly named test-output.csv. If any issues are",,6387,0.0019587
timothee,"Read OBJECTIVES.md, convert.py, /src/example-input.jsonl, and /src/example-output.csv. Verify and correct convert.py to meet the objectives, paying close attention to word splitting (preserving spacing, 50 word limit, punctuation stripping from the 50th word), thinking block exclusion (Response50), model mapping, and cost rounding. Ensure the output is exactly named test-output.csv. If the code"," I've checked the code in `convert.py`. The script seems to be developed to achieve the objectives you've outlined. Here's a quick review of what the script does:

1. It loads data from a JSONL file.
2. It processes each object in the JSONL file.
3. For each object, it extracts",420,0
Gemini-flash-latest,"Review OBJECTIVES.md, convert.py, src/example-input.jsonl, and src/example-output.csv. Verify if convert.py perfectly matches the objectives. Pay special attention to word splitting (preserving spacing, 50 word limit, punctuation stripping from the 50th word), thinking block exclusion (Response50), model mapping, and cost rounding. Ensure the output is exactly named test-output.csv. If any issues are",,2205,0.0010047
